{
    "MlibObjs": {},
    "stat": {
        "ru_self_cgstart": {
            "ru_minflt": 27362,
            "ru_utime_sec": 0.82287399999999999,
            "ru_stime_sec": 0.13497899999999999,
            "ru_maxrss_kb": 84456,
            "ru_majflt": 164,
            "ru_nvcsw": 1301,
            "ru_nivcsw": 1174
        },
        "ru_childs_cgstart": {
            "ru_minflt": 3611,
            "ru_utime_sec": 0.003999,
            "ru_stime_sec": 0.0099979999999999999,
            "ru_maxrss_kb": 27004,
            "ru_majflt": 0,
            "ru_nvcsw": 31,
            "ru_nivcsw": 16
        },
        "peak_mem_kb": 247148,
        "nMops": 102421,
        "ru_self_end": {
            "ru_minflt": 32198,
            "ru_utime_sec": 1.1288279999999999,
            "ru_stime_sec": 0.157975,
            "ru_maxrss_kb": 93688,
            "ru_majflt": 170,
            "ru_nvcsw": 1422,
            "ru_nivcsw": 1339
        },
        "mop/quad": 2.9753653080789007,
        "nQuads": 34423,
        "totalObjSize": 224487,
        "ru_childs_end": {
            "ru_minflt": 4122,
            "ru_utime_sec": 0.004999,
            "ru_stime_sec": 0.011998,
            "ru_maxrss_kb": 32156,
            "ru_majflt": 1,
            "ru_nvcsw": 46,
            "ru_nivcsw": 17
        },
        "mopSpeed": 334759.47364636522,
        "quadSpeed": 112510.37737699134,
        "outputSizePerQuad": 6.521424628881852,
        "CodeGen(%)": 27.103686301190258,
        "Frontend(%)": 72.896313698809749
    },
    "PrevCompiledModules": {
        "intf_sdram": {
            "RuFh3_d": {
                "archive": "archive.13/_prev_archive_1.a",
                "bytes": 14575,
                "mod": "intf_sdram",
                "out": "RuFh3_d.o",
                "checksum": 0,
                "mode": 4
            }
        },
        "_vcs_unit__2559226825": {
            "BW0b7_d": {
                "archive": "archive.13/_prev_archive_1.a",
                "bytes": 128630,
                "mod": "_vcs_unit__2559226825",
                "out": "BW0b7_d.o",
                "checksum": 0,
                "mode": 4
            }
        },
        "mt48lc8m8a2": {
            "Pj51K_d": {
                "archive": "archive.13/_prev_archive_1.a",
                "bytes": 187820,
                "mod": "mt48lc8m8a2",
                "out": "Pj51K_d.o",
                "checksum": 0,
                "mode": 4
            }
        },
        "intf_wishBone": {
            "ypVrV_d": {
                "archive": "archive.13/_prev_archive_1.a",
                "bytes": 14399,
                "mod": "intf_wishBone",
                "out": "ypVrV_d.o",
                "checksum": 0,
                "mode": 4
            }
        },
        "top": {
            "Emx8S_d": {
                "archive": "archive.13/_prev_archive_1.a",
                "bytes": 190257,
                "mod": "top",
                "out": "Emx8S_d.o",
                "checksum": 0,
                "mode": 4
            }
        },
        "intf_whitebox": {
            "qtWga_d": {
                "archive": "archive.13/_prev_archive_1.a",
                "bytes": 7852,
                "mod": "intf_whitebox",
                "out": "qtWga_d.o",
                "checksum": 0,
                "mode": 4
            }
        },
        "inft_sdrcntrl": {
            "xqeUE_d": {
                "archive": "archive.13/_prev_archive_1.a",
                "bytes": 13508,
                "mod": "inft_sdrcntrl",
                "out": "xqeUE_d.o",
                "checksum": 0,
                "mode": 4
            }
        },
        "IS42VM16400K": {
            "TzJKa_d": {
                "archive": "archive.13/_prev_archive_1.a",
                "bytes": 282780,
                "mod": "IS42VM16400K",
                "out": "TzJKa_d.o",
                "checksum": 0,
                "mode": 4
            }
        },
        "Clks": {
            "F5CYM_d": {
                "archive": "archive.13/_prev_archive_1.a",
                "bytes": 8968,
                "mod": "Clks",
                "out": "F5CYM_d.o",
                "checksum": 0,
                "mode": 4
            }
        },
        "std": {
            "reYIK_d": {
                "archive": "archive.13/_prev_archive_1.a",
                "bytes": 68405,
                "mod": "std",
                "out": "reYIK_d.o",
                "checksum": 0,
                "mode": 4
            }
        },
        "sdrc_top": {
            "NTNU2_d": {
                "archive": "archive.13/_prev_archive_1.a",
                "bytes": 411516,
                "mod": "sdrc_top",
                "out": "NTNU2_d.o",
                "checksum": 0,
                "mode": 4
            }
        },
        "sdrc_bank_fsm": {
            "ChjVu_d": {
                "archive": "archive.13/_prev_archive_1.a",
                "bytes": 49381,
                "mod": "sdrc_bank_fsm",
                "out": "ChjVu_d.o",
                "checksum": 0,
                "mode": 4
            }
        },
        "mt48lc2m32b2": {
            "a3mSN_d": {
                "archive": "archive.13/_prev_archive_1.a",
                "bytes": 196407,
                "mod": "mt48lc2m32b2",
                "out": "a3mSN_d.o",
                "checksum": 0,
                "mode": 4
            }
        },
        "...MASTER...": {
            "amcQw_d": {
                "bytes": 8926,
                "mod": "...MASTER...",
                "out": "objs/amcQw_d.o",
                "checksum": 0,
                "mode": 4
            }
        },
        "testcase": {
            "PATxq_d": {
                "archive": "archive.13/_26286_archive_1.a",
                "bytes": 87347,
                "mod": "testcase",
                "checksum": 0,
                "mode": 4,
                "out": "PATxq_d.o"
            }
        }
    },
    "CompileStrategy": "fullobj",
    "LVLData": [
        "SIM"
    ],
    "NameTable": {
        "_vcs_unit__2559226825": [
            "_vcs_unit__2559226825",
            "BW0b7",
            "module",
            1
        ],
        "intf_sdram": [
            "intf_sdram",
            "RuFh3",
            "module",
            3
        ],
        "std": [
            "std",
            "reYIK",
            "module",
            2
        ],
        "Clks": [
            "Clks",
            "F5CYM",
            "module",
            8
        ],
        "intf_wishBone": [
            "intf_wishBone",
            "ypVrV",
            "module",
            4
        ],
        "top": [
            "top",
            "Emx8S",
            "module",
            9
        ],
        "inft_sdrcntrl": [
            "inft_sdrcntrl",
            "xqeUE",
            "module",
            5
        ],
        "intf_whitebox": [
            "intf_whitebox",
            "qtWga",
            "module",
            7
        ],
        "...MASTER...": [
            "SIM",
            "amcQw",
            "module",
            15
        ],
        "testcase": [
            "testcase",
            "PATxq",
            "module",
            6
        ],
        "mt48lc2m32b2": [
            "mt48lc2m32b2",
            "a3mSN",
            "module",
            10
        ],
        "mt48lc8m8a2": [
            "mt48lc8m8a2",
            "Pj51K",
            "module",
            11
        ],
        "IS42VM16400K": [
            "IS42VM16400K",
            "TzJKa",
            "module",
            12
        ],
        "sdrc_top": [
            "sdrc_top",
            "NTNU2",
            "module",
            13
        ],
        "sdrc_bank_fsm": [
            "sdrc_bank_fsm",
            "ChjVu",
            "module",
            14
        ]
    },
    "CurCompileUdps": {},
    "SIMBData": {
        "out": "amcQwB.o",
        "archive": "archive.13/_26286_archive_1.a",
        "bytes": 160922
    },