{
    "MlibObjs": {},
    "CompileStrategy": "fullobj",
    "stat": {
        "ru_self_cgstart": {
            "ru_utime_sec": 1.3757900000000001,
            "ru_stime_sec": 0.092984999999999998,
            "ru_maxrss_kb": 99176,
            "ru_nvcsw": 432,
            "ru_minflt": 32777,
            "ru_majflt": 6,
            "ru_nivcsw": 413
        },
        "outputSizePerQuad": 33.697364910463456,
        "nQuads": 63717,
        "ru_childs_cgstart": {
            "ru_utime_sec": 0.0019989999999999999,
            "ru_stime_sec": 0.010998000000000001,
            "ru_maxrss_kb": 40772,
            "ru_nvcsw": 30,
            "ru_minflt": 3611,
            "ru_majflt": 0,
            "ru_nivcsw": 16
        },
        "peak_mem_kb": 262916,
        "ru_childs_end": {
            "ru_utime_sec": 0.0029989999999999999,
            "ru_stime_sec": 0.011998,
            "ru_maxrss_kb": 47352,
            "ru_nvcsw": 41,
            "ru_minflt": 4123,
            "ru_majflt": 0,
            "ru_nivcsw": 18
        },
        "nMops": 171005,
        "totalObjSize": 2147095,
        "mop/quad": 2.6838206444120094,
        "mopSpeed": 157342.19085693781,
        "CodeGen(%)": 44.133191208568093,
        "ru_self_end": {
            "ru_utime_sec": 2.4626250000000001,
            "ru_stime_sec": 0.12798000000000001,
            "ru_maxrss_kb": 108668,
            "ru_nvcsw": 588,
            "ru_minflt": 41161,
            "ru_majflt": 12,
            "ru_nivcsw": 760
        },
        "quadSpeed": 58626.194408534873,
        "Frontend(%)": 55.866808791431907
    },
    "CurCompileModules": [
        "...MASTER...",
        "...MASTER...",
        "_vcs_unit__2559226825",
        "_vcs_unit__2559226825",
        "std",
        "intf_sdram",
        "intf_sdram",
        "intf_wishBone",
        "intf_wishBone",
        "inft_sdrcntrl",
        "inft_sdrcntrl",
        "testcase",
        "testcase",
        "intf_whitebox",
        "intf_whitebox",
        "Clks",
        "Clks",
        "top",
        "top",
        "mt48lc2m32b2",
        "mt48lc2m32b2",
        "mt48lc8m8a2",
        "mt48lc8m8a2",
        "IS42VM16400K",
        "IS42VM16400K",
        "sdrc_top",
        "sdrc_top",
        "sdrc_bank_fsm",
        "sdrc_bank_fsm"
    ],
    "PrevCompiledModules": {
        "mt48lc8m8a2": {
            "Pj51K_d": {
                "bytes": 187820,
                "mod": "mt48lc8m8a2",
                "mode": 4,
                "archive": "archive.62/_21479_archive_1.a",
                "checksum": 0,
                "out": "Pj51K_d.o"
            }
        },
        "intf_wishBone": {
            "ypVrV_d": {
                "bytes": 14399,
                "mod": "intf_wishBone",
                "mode": 4,
                "archive": "archive.62/_21479_archive_1.a",
                "checksum": 0,
                "out": "ypVrV_d.o"
            }
        },
        "std": {
            "reYIK_d": {
                "bytes": 68405,
                "mod": "std",
                "mode": 4,
                "archive": "archive.62/_prev_archive_1.a",
                "checksum": 0,
                "out": "reYIK_d.o"
            }
        },
        "...MASTER...": {
            "amcQw_d": {
                "bytes": 8926,
                "mod": "...MASTER...",
                "mode": 4,
                "checksum": 0,
                "out": "objs/amcQw_d.o"
            }
        },
        "sdrc_bank_fsm": {
            "ChjVu_d": {
                "bytes": 48789,
                "mod": "sdrc_bank_fsm",
                "mode": 4,
                "archive": "archive.62/_21479_archive_1.a",
                "checksum": 0,
                "out": "ChjVu_d.o"
            }
        },
        "IS42VM16400K": {
            "TzJKa_d": {
                "bytes": 282780,
                "mod": "IS42VM16400K",
                "mode": 4,
                "archive": "archive.62/_21479_archive_1.a",
                "checksum": 0,
                "out": "TzJKa_d.o"
            }
        },
        "inft_sdrcntrl": {
            "xqeUE_d": {
                "bytes": 13508,
                "mod": "inft_sdrcntrl",
                "mode": 4,
                "archive": "archive.62/_21479_archive_1.a",
                "checksum": 0,
                "out": "xqeUE_d.o"
            }
        },
        "mt48lc2m32b2": {
            "a3mSN_d": {
                "bytes": 196407,
                "mod": "mt48lc2m32b2",
                "mode": 4,
                "archive": "archive.62/_21479_archive_1.a",
                "checksum": 0,
                "out": "a3mSN_d.o"
            }
        },
        "intf_whitebox": {
            "qtWga_d": {
                "bytes": 7244,
                "mod": "intf_whitebox",
                "mode": 4,
                "archive": "archive.62/_21479_archive_1.a",
                "checksum": 0,
                "out": "qtWga_d.o"
            }
        },
        "sdrc_top": {
            "NTNU2_d": {
                "bytes": 410980,
                "mod": "sdrc_top",
                "mode": 4,
                "archive": "archive.62/_21479_archive_1.a",
                "checksum": 0,
                "out": "NTNU2_d.o"
            }
        },
        "top": {
            "Emx8S_d": {
                "bytes": 552217,
                "mod": "top",
                "out": "Emx8S_d.o",
                "mode": 4,
                "archive": "archive.62/_21479_archive_1.a",
                "checksum": 0
            }
        },
        "testcase": {
            "PATxq_d": {
                "bytes": 106131,
                "mod": "testcase",
                "mode": 4,
                "archive": "archive.62/_21479_archive_1.a",
                "checksum": 0,
                "out": "PATxq_d.o"
            }
        },
        "intf_sdram": {
            "RuFh3_d": {
                "bytes": 14575,
                "mod": "intf_sdram",
                "mode": 4,
                "archive": "archive.62/_21479_archive_1.a",
                "checksum": 0,
                "out": "RuFh3_d.o"
            }
        }
    },
    "CompileStatus": "Successful",
    "NameTable": {
        "_vcs_unit__2559226825": [
            "_vcs_unit__2559226825",
            "BW0b7",
            "module",
            12
        ],
        "std": [
            "std",
            "reYIK",
            "module",
            2
        ],
        "intf_wishBone": [
            "intf_wishBone",
            "ypVrV",
            "module",
            4
        ],
        "intf_sdram": [
            "intf_sdram",
            "RuFh3",
            "module",
            3
        ],
        "...MASTER...": [
            "SIM",
            "amcQw",
            "module",
            9
        ],
        "sdrc_bank_fsm": [
            "sdrc_bank_fsm",
            "ChjVu",
            "module",
            8
        ],
        "IS42VM16400K": [
            "IS42VM16400K",
            "TzJKa",
            "module",
            14
        ],
        "inft_sdrcntrl": [
            "inft_sdrcntrl",
            "xqeUE",
            "module",
            5
        ],
        "Clks": [
            "Clks",
            "F5CYM",
            "module",
            16
        ],
        "testcase": [
            "testcase",
            "PATxq",
            "module",
            11
        ],
        "mt48lc2m32b2": [
            "mt48lc2m32b2",
            "a3mSN",
            "module",
            13
        ],
        "intf_whitebox": [
            "intf_whitebox",
            "qtWga",
            "module",
            15
        ],
        "top": [
            "top",
            "Emx8S",
            "module",
            6
        ],
        "mt48lc8m8a2": [
            "mt48lc8m8a2",
            "Pj51K",
            "module",
            1
        ],
        "sdrc_top": [
            "sdrc_top",
            "NTNU2",
            "module",
            7
        ]
    },
    "CurCompileUdps": {},